age,weight_kg,height_cm,gender,activity_level,daily_calories
37,79,181,female,weight_loss,1490
22,96,183,male,weight_loss,1998
39,93,163,female,weight_gain,3266
33,55,175,male,weight_loss,1380
20,98,185,female,maintain,2906
58,77,154,female,weight_loss,1137
60,100,151,male,weight_loss,1578
31,89,154,male,weight_loss,1643
57,106,187,female,weight_gain,3608
27,59,186,male,weight_loss,1547
38,87,176,female,maintain,2509
46,54,161,female,weight_gain,2479
52,52,190,male,maintain,2251
33,114,154,female,weight_gain,3597
59,105,178,female,weight_loss,1647
37,114,161,male,weight_loss,1959
18,92,185,female,weight_gain,3685
55,62,181,male,weight_loss,1377
20,84,190,female,maintain,2738
37,68,190,female,maintain,2358
48,103,178,female,weight_loss,1689
23,89,162,female,weight_loss,1551
19,118,178,male,weight_loss,2243
58,65,163,male,weight_gain,2890
33,52,175,male,weight_gain,3016
34,102,152,female,weight_gain,3350
39,94,161,female,weight_loss,1508
53,101,150,male,maintain,2615
56,64,175,female,maintain,2003
20,48,160,male,weight_loss,1262
27,69,170,female,maintain,2257
53,116,169,male,weight_loss,1947
40,85,170,female,weight_gain,3192
43,66,181,female,weight_gain,2947
49,84,161,female,maintain,2232
46,72,153,male,maintain,2249
41,87,173,female,maintain,2457
19,117,181,male,weight_loss,2253
36,62,190,male,maintain,2530
35,89,158,female,weight_loss,1449
22,52,167,male,maintain,2261
45,94,179,male,weight_gain,3709
50,96,159,male,weight_loss,1650
60,100,169,female,maintain,2472
42,97,165,female,weight_gain,3334
29,104,151,male,weight_gain,3718
19,71,188,male,weight_loss,1754
60,92,185,female,weight_loss,1538
42,49,183,male,weight_gain,2971
47,71,174,male,weight_loss,1481
24,118,160,male,maintain,3200
39,64,179,female,weight_loss,1283
31,74,181,male,weight_loss,1665
21,84,162,male,weight_gain,3554
59,52,159,male,maintain,1896
38,50,174,male,weight_loss,1283
23,66,168,female,weight_loss,1320
18,46,166,male,weight_gain,2942
48,63,165,male,weight_loss,1311
22,46,187,female,weight_loss,1229
52,91,154,female,weight_gain,3012
35,73,181,female,weight_loss,1430
35,113,155,female,maintain,2732
52,79,186,female,weight_loss,1437
60,95,181,male,weight_loss,1743
49,72,150,female,weight_loss,1101
29,56,183,male,maintain,2423
41,110,177,female,weight_loss,1808
33,79,158,female,weight_gain,3012
53,101,175,male,weight_loss,1812
55,91,178,male,weight_gain,3554
31,51,167,male,maintain,2175
47,96,176,female,weight_gain,3395
18,103,171,male,maintain,3121
56,107,151,male,weight_gain,3529
19,67,167,female,maintain,2259
32,97,161,female,weight_gain,3379
33,77,173,female,weight_gain,3145
49,86,166,female,weight_gain,3084
30,73,154,male,weight_gain,3185
55,56,160,female,weight_loss,948
53,78,190,male,weight_gain,3473
42,106,153,male,maintain,2807
37,52,151,male,maintain,1989
38,58,178,female,weight_gain,2814
47,52,163,male,weight_loss,1170
18,56,155,female,weight_gain,2699
54,68,159,female,maintain,1926
36,82,176,female,weight_gain,3242
21,99,184,female,maintain,2904
54,99,182,female,maintain,2629
46,47,175,male,weight_loss,1206
31,82,164,male,weight_loss,1634
38,54,151,female,maintain,1755
31,55,151,male,weight_loss,1212
34,56,171,female,weight_loss,1157
47,113,176,male,maintain,3100
36,113,182,male,maintain,3243
20,103,176,female,weight_gain,3764
44,53,188,female,weight_loss,1188
23,107,184,male,maintain,3270
35,50,185,female,weight_gain,2776
55,93,180,male,maintain,2766
41,108,161,male,maintain,2923
51,90,173,male,weight_gain,3516
22,72,181,female,maintain,2449
48,69,163,female,weight_loss,1169
42,51,189,female,weight_loss,1184
54,85,159,female,weight_loss,1295
50,83,153,male,weight_gain,3174
30,73,162,male,maintain,2476
22,84,169,male,weight_loss,1749
42,62,168,female,maintain,2013
18,97,188,male,maintain,3193
53,94,187,female,maintain,2608
41,84,152,female,weight_gain,2963
54,81,166,female,maintain,2195
42,113,150,female,maintain,2629
55,114,153,male,weight_loss,1791
38,75,162,female,weight_gain,2940
28,112,183,female,maintain,3042
42,45,165,male,weight_gain,2697
34,103,183,male,weight_gain,4015
50,94,168,female,weight_gain,3242
27,90,189,female,weight_loss,1742
33,120,163,female,weight_loss,1871
41,72,164,male,weight_loss,1454
32,114,176,male,weight_gain,4153
24,67,188,female,weight_loss,1476
53,60,177,male,weight_gain,3003
29,106,152,male,maintain,2898
41,107,158,male,maintain,2879
31,46,160,female,weight_loss,972
31,87,166,male,weight_gain,3563
35,55,179,female,weight_gain,2798
49,97,172,male,maintain,2797
53,94,172,female,weight_gain,3260
27,45,183,male,weight_gain,3034
32,84,188,male,weight_gain,3748
53,114,165,female,weight_loss,1694
50,55,167,male,weight_loss,1218
55,114,160,female,weight_loss,1644
19,109,183,female,weight_gain,3959
57,114,190,female,weight_loss,1857
35,63,168,female,maintain,2083
39,111,190,female,maintain,3009
26,114,167,female,maintain,2933
44,77,153,female,maintain,2085
47,74,182,female,weight_loss,1377
57,46,187,female,weight_gain,2528
51,66,159,female,weight_gain,2627
24,80,152,female,weight_gain,3044
21,101,161,male,maintain,2970
52,87,151,female,weight_gain,2906
55,71,184,male,maintain,2464
29,52,165,female,maintain,1930
29,101,164,female,weight_loss,1674
52,46,164,female,weight_loss,876
30,69,184,female,maintain,2369
24,74,186,male,weight_loss,1745
33,80,183,female,maintain,2507
54,64,168,male,weight_loss,1310
54,64,160,male,maintain,2131
43,117,176,male,maintain,3193
41,114,177,male,maintain,3171
59,115,160,female,weight_gain,3449
28,90,151,male,weight_loss,1650
46,83,177,female,weight_gain,3181
21,102,177,male,maintain,3140
33,106,186,male,weight_gain,4112
28,117,188,female,weight_loss,2052
21,102,167,male,maintain,3043
47,102,173,male,weight_gain,3768
18,111,158,female,weight_loss,1815
35,113,186,male,weight_loss,2147
50,82,181,male,weight_loss,1647
41,55,186,male,maintain,2344
56,71,168,female,maintain,2044
44,93,150,male,maintain,2561
30,67,177,female,weight_gain,3037
46,55,158,female,weight_loss,975
45,108,173,female,weight_gain,3595
32,74,176,female,weight_gain,3134
56,109,152,male,weight_gain,3577
56,47,150,female,weight_loss,759
23,93,190,female,maintain,2854
52,75,170,female,maintain,2156
23,63,173,female,weight_gain,2983
23,75,150,male,weight_gain,3239
22,84,159,female,maintain,2422
18,117,156,female,maintain,2935
26,71,176,female,weight_loss,1422
60,75,178,male,weight_gain,3221
40,69,168,male,weight_gain,3181
26,120,172,male,maintain,3332
59,98,171,female,weight_gain,3266
22,106,153,female,maintain,2705
60,104,172,male,weight_gain,3676
58,59,156,male,maintain,1984
44,60,173,female,weight_loss,1160
38,111,168,male,weight_loss,1970
18,62,170,female,maintain,2218
45,100,158,male,weight_loss,1721
28,84,156,male,maintain,2604
56,99,165,male,weight_loss,1695
33,62,168,male,weight_gain,3118
59,113,185,male,weight_gain,3993
32,114,169,male,maintain,3163
31,50,159,female,maintain,1825
18,91,166,female,weight_gain,3453
47,87,175,female,maintain,2430
53,65,152,male,maintain,2077
52,116,150,male,maintain,2855
43,67,182,female,maintain,2218
46,59,185,female,maintain,2100
34,70,188,female,weight_gain,3179
41,50,182,male,weight_loss,1325
33,68,157,male,maintain,2326
44,61,158,male,weight_gain,2888
56,107,177,female,maintain,2689
44,83,183,male,maintain,2726
58,79,182,male,weight_gain,3356
30,105,157,male,weight_loss,1863
37,117,185,male,weight_gain,4263
37,99,152,female,maintain,2470
32,77,169,male,weight_loss,1605
58,97,160,male,weight_loss,1622
47,48,185,male,weight_loss,1287
52,49,168,female,weight_loss,942
26,87,187,male,maintain,2966
33,118,153,female,weight_loss,1772
30,110,160,male,maintain,3030
18,58,151,male,weight_loss,1326
28,98,160,female,weight_gain,3422
47,89,166,female,weight_gain,3156
31,99,180,male,maintain,3045
49,54,155,female,maintain,1709
40,105,150,male,maintain,2778
50,120,180,male,weight_loss,2096
53,112,190,male,weight_loss,2057
55,93,171,male,maintain,2679
32,51,189,female,weight_gain,2866
45,62,184,male,weight_gain,3190
31,47,186,female,maintain,2040
47,101,165,male,weight_loss,1773
32,119,182,male,weight_loss,2207
39,56,183,male,weight_gain,3124
52,87,183,female,weight_loss,1511
31,113,163,male,maintain,3098
27,107,185,male,maintain,3249
54,80,184,male,weight_loss,1622
19,104,182,female,weight_loss,1905
41,56,172,male,weight_loss,1322
52,113,180,male,maintain,3100
47,57,158,female,maintain,1800
53,77,164,male,weight_loss,1442
56,81,170,female,weight_gain,2976
22,89,166,female,weight_gain,3381
21,51,179,female,weight_loss,1235
48,81,154,male,maintain,2383
58,96,176,female,weight_loss,1530
45,46,173,female,weight_gain,2479
25,49,169,male,weight_gain,2967
35,64,175,male,weight_loss,1476
34,94,173,female,weight_gain,3442
19,104,154,male,weight_gain,3842
28,101,172,female,weight_gain,3611
51,68,167,male,weight_loss,1368
43,102,158,female,weight_gain,3336
27,54,182,female,maintain,2141
31,106,152,female,weight_loss,1632
51,80,162,female,maintain,2164
34,54,156,female,maintain,1835
39,101,186,female,weight_gain,3669
54,51,170,female,maintain,1769
29,66,181,female,maintain,2302
52,118,159,male,maintain,2974
36,60,151,female,maintain,1864
31,68,161,male,weight_loss,1443
54,96,176,male,weight_gain,3631
21,74,158,male,maintain,2522
29,115,163,female,maintain,2887
26,102,188,female,maintain,2951
33,84,186,female,weight_loss,1611
32,72,150,female,weight_loss,1203
60,80,174,female,maintain,2211
48,71,182,female,weight_gain,3003
53,108,161,female,weight_gain,3388
42,72,179,male,weight_gain,3340
18,113,188,male,weight_loss,2264
60,106,187,male,weight_gain,3880
18,94,187,male,weight_gain,4042
46,99,151,female,maintain,2391
22,73,154,female,maintain,2203
51,116,155,male,weight_gain,3781
35,72,173,male,weight_loss,1557
46,50,157,male,maintain,1947
51,96,184,female,weight_gain,3449
29,86,153,female,weight_gain,3118
36,112,155,male,weight_gain,3844
55,53,160,female,weight_gain,2369
20,46,163,female,maintain,1887
54,46,170,female,maintain,1691
33,86,162,female,weight_gain,3183
51,64,169,male,maintain,2241
44,101,189,male,maintain,3063
40,114,183,male,maintain,3237
56,94,183,male,weight_gain,3655
33,50,164,male,maintain,2115
26,76,181,female,maintain,2480
25,59,187,male,weight_loss,1566
32,45,155,male,weight_gain,2674
44,52,159,female,weight_loss,959
55,57,152,male,weight_loss,1100
25,79,169,male,maintain,2675
53,53,187,female,weight_loss,1127
27,78,167,female,weight_gain,3149
41,57,181,male,maintain,2326
52,120,159,female,weight_loss,1727
20,113,152,female,weight_loss,1782
56,116,188,male,maintain,3193
33,85,189,male,weight_loss,1845
35,86,188,female,weight_gain,3458
49,99,167,male,maintain,2780
53,115,169,female,maintain,2759
21,98,183,male,maintain,3136
57,94,159,female,maintain,2306
50,68,158,female,weight_loss,1107
45,50,155,male,weight_loss,1098
29,110,183,female,maintain,3003
36,53,190,male,weight_loss,1451
42,117,184,male,weight_loss,2138
39,76,151,male,maintain,2346
35,67,157,female,maintain,2038
57,102,168,female,weight_gain,3323
19,85,154,male,maintain,2669
21,110,184,male,maintain,3332
31,104,178,male,weight_gain,4004
35,114,179,male,weight_gain,4159
54,107,150,female,maintain,2443
47,107,169,male,weight_loss,1875
24,48,187,female,weight_gain,2861
19,67,154,male,weight_loss,1451
42,60,162,female,weight_gain,2634
42,74,184,male,weight_loss,1622
43,104,166,female,weight_loss,1641
31,59,156,male,weight_gain,2947
18,91,154,female,maintain,2513
36,51,179,male,weight_gain,3016
21,71,170,male,weight_gain,3410
19,69,186,female,weight_gain,3273
34,114,150,male,maintain,2964
56,119,181,female,weight_loss,1856
57,48,160,male,weight_loss,1040
53,47,167,female,weight_loss,905
48,85,185,male,weight_gain,3588
20,82,188,female,maintain,2687
25,93,186,male,maintain,3057
53,56,186,female,maintain,2009
34,65,152,female,maintain,1966
49,66,157,female,weight_loss,1082
31,56,162,male,weight_loss,1307
23,112,156,female,weight_loss,1782
51,111,166,male,weight_gain,3815
56,69,189,male,weight_loss,1515
30,56,186,male,maintain,2445
53,118,179,female,maintain,2902
40,88,158,female,weight_gain,3111
53,47,190,female,maintain,1908
49,73,181,female,maintain,2255
32,86,166,male,weight_loss,1691
55,77,175,male,maintain,2470
32,61,177,male,weight_loss,1473
26,70,167,female,weight_loss,1343
34,59,171,female,weight_loss,1193
47,98,183,female,weight_gain,3509
40,78,161,male,weight_loss,1509
34,50,151,female,maintain,1724
28,116,173,male,weight_loss,2127
30,59,152,male,weight_loss,1274
22,112,162,female,maintain,2885
58,116,150,male,weight_loss,1775
51,59,183,female,weight_loss,1181
56,89,166,male,maintain,2561
36,106,188,female,weight_gain,3809
29,58,188,male,weight_gain,3307
51,68,166,male,weight_loss,1361
57,100,174,male,weight_gain,3653
36,105,185,male,maintain,3148
39,99,158,female,maintain,2513
41,102,165,male,weight_loss,1821
18,107,155,female,weight_gain,3617
36,85,180,male,weight_gain,3640
44,56,156,female,maintain,1788
31,58,163,female,maintain,1988
28,54,174,male,maintain,2313
31,75,159,female,maintain,2213
45,97,151,female,maintain,2368
46,104,167,female,weight_gain,3446
28,67,176,female,weight_loss,1362
21,62,150,male,maintain,2259
46,86,189,female,weight_gain,3370
52,80,159,male,weight_loss,1446
35,46,187,male,weight_loss,1350
27,98,150,male,maintain,2770
52,115,184,female,weight_gain,3782
33,118,155,male,weight_gain,3979
36,75,167,female,maintain,2251
22,68,178,male,maintain,2615
27,67,187,female,maintain,2391
31,58,163,male,weight_loss,1338
50,83,161,female,weight_gain,2965
18,75,185,male,weight_gain,3678
41,47,174,female,weight_loss,1029
55,100,187,female,weight_loss,1679
34,90,167,male,weight_loss,1734
18,72,178,male,weight_loss,1697
43,53,187,female,maintain,2050
32,100,157,female,maintain,2573
41,55,185,male,weight_loss,1407
35,47,166,female,maintain,1815
58,68,175,male,weight_gain,3079
20,117,173,female,maintain,3084
44,69,190,male,maintain,2576
20,63,169,male,weight_loss,1509
19,110,167,male,maintain,3183
33,53,175,male,maintain,2268
22,51,182,female,weight_loss,1251
60,119,161,female,maintain,2689
38,74,185,female,maintain,2395
34,53,188,male,weight_gain,3172
33,71,186,male,maintain,2654
23,106,183,female,maintain,2988
36,58,175,male,weight_gain,3097
46,105,171,male,weight_gain,3808
18,92,156,female,maintain,2548
44,47,184,female,weight_loss,1086
22,99,165,male,weight_gain,3849
52,74,181,male,weight_loss,1539
28,51,169,male,maintain,2218
35,118,183,male,weight_loss,2184
33,107,185,female,maintain,2945
40,103,162,female,weight_gain,3426
55,62,172,male,weight_loss,1310
38,92,157,male,weight_loss,1659
26,51,158,female,weight_loss,1047
32,91,150,female,weight_gain,3147
34,48,175,female,weight_gain,2636
23,75,153,female,maintain,2216
28,96,173,male,maintain,2954
54,116,178,male,maintain,3111
41,110,173,female,maintain,2813
38,112,174,female,weight_gain,3741
35,53,173,female,maintain,1976
22,66,150,male,maintain,2313
45,87,174,female,weight_gain,3228
45,81,175,female,weight_gain,3131
58,93,172,male,weight_loss,1664
55,100,180,male,weight_gain,3739
50,74,182,female,weight_gain,3039
59,88,171,female,weight_loss,1391
51,70,175,female,weight_loss,1253
51,106,154,male,weight_gain,3590
27,55,174,female,weight_loss,1209
20,99,176,female,weight_gain,3692
33,101,175,male,weight_gain,3898
47,119,170,male,weight_loss,2027
36,101,151,female,weight_gain,3302
41,97,152,female,weight_gain,3197
58,58,160,male,weight_gain,2731
53,81,172,female,weight_gain,3026
47,110,154,female,weight_gain,3399
50,53,178,female,maintain,1908
30,115,180,female,weight_gain,3935
29,93,152,female,weight_loss,1488
59,106,162,male,weight_loss,1739
21,45,152,male,weight_loss,1160
49,84,162,female,weight_gain,3003
51,111,163,female,weight_gain,3482
32,47,180,male,weight_loss,1328
30,119,156,female,weight_loss,1824
23,119,175,female,maintain,3112
36,89,177,female,weight_gain,3379
27,80,166,male,maintain,2646
35,47,168,male,maintain,2092
58,74,179,female,weight_gain,2933
46,61,173,male,maintain,2272
47,117,172,male,weight_gain,4027
35,85,158,female,weight_loss,1401
24,46,155,male,maintain,2036
47,55,165,female,maintain,1837
24,60,150,male,weight_gain,2960
49,74,155,female,weight_gain,2744
46,45,150,female,weight_gain,2193
36,100,174,female,weight_loss,1695
50,48,163,male,weight_loss,1104
58,102,166,male,weight_gain,3590
55,70,157,male,maintain,2187
57,103,188,male,weight_gain,3865
50,83,164,female,weight_loss,1332
48,102,150,male,weight_gain,3500
24,66,186,male,maintain,2646
53,77,159,male,weight_loss,1404
20,69,162,female,weight_gain,2994
23,74,159,female,weight_loss,1349
38,94,167,male,weight_gain,3637
33,56,180,female,maintain,2106
30,57,162,female,maintain,1970
43,65,190,female,maintain,2265
33,81,165,female,weight_gain,3127
34,90,168,female,weight_loss,1542
50,84,174,female,weight_gain,3129
18,87,173,female,weight_gain,3460
45,76,163,male,weight_loss,1470
29,64,166,female,weight_gain,2868
28,55,173,female,weight_gain,2794
20,66,179,female,maintain,2352
60,50,178,female,weight_gain,2472
58,48,162,female,weight_loss,849
46,105,182,male,maintain,3041
32,92,180,male,weight_loss,1868
59,85,175,male,maintain,2563
46,48,159,male,weight_gain,2647
50,84,177,female,weight_gain,3163
43,70,154,male,maintain,2251
54,112,164,female,weight_loss,1656
29,72,179,female,weight_gain,3158
41,63,155,male,weight_loss,1278
42,114,162,male,maintain,3018
18,78,179,female,maintain,2554
52,104,186,female,maintain,2761
43,80,181,female,weight_gain,3199
52,59,178,female,weight_gain,2706
25,75,151,male,weight_gain,3232
48,50,178,male,weight_loss,1253
23,100,162,male,weight_gain,3824
26,67,183,female,weight_gain,3140
24,102,185,male,maintain,3194
44,70,161,female,weight_gain,2785
31,99,178,male,maintain,3026
29,67,171,male,maintain,2478
52,65,168,female,maintain,1982
19,49,178,female,weight_loss,1215
18,98,166,male,maintain,2995
29,75,186,female,weight_gain,3291
33,84,158,male,weight_gain,3401
45,56,162,male,maintain,2096
53,106,172,female,maintain,2648
36,78,185,male,weight_gain,3570
31,72,156,male,maintain,2394
52,110,159,male,weight_loss,1806
18,64,178,male,weight_loss,1601
33,45,165,female,weight_loss,986
24,64,150,female,maintain,2009
57,120,155,female,weight_gain,3500
19,102,187,female,weight_gain,3878
31,101,165,male,weight_gain,3804
44,64,159,male,weight_loss,1302
32,78,159,male,weight_loss,1542
55,117,183,male,maintain,3167
36,104,155,female,weight_loss,1601
27,67,188,female,weight_gain,3188
18,105,182,male,maintain,3258
27,67,159,male,weight_loss,1440
51,88,155,female,weight_loss,1319
54,96,169,female,weight_loss,1502
25,50,186,female,maintain,2133
33,105,171,male,weight_gain,3925
38,86,188,male,maintain,2867
33,102,156,male,weight_gain,3703
53,50,161,female,maintain,1674
22,55,167,female,weight_loss,1187
35,87,157,male,maintain,2605
52,61,158,female,maintain,1823
31,96,174,female,maintain,2683
26,66,154,male,weight_loss,1397
52,59,176,female,maintain,1966
40,108,189,male,weight_loss,2079
42,54,176,male,weight_loss,1322
23,113,187,female,weight_gain,4040
36,67,190,male,weight_loss,1619
34,83,173,female,maintain,2449
59,87,171,female,maintain,2298
24,108,177,female,weight_loss,1886
18,108,162,male,weight_gain,4013
37,89,160,female,maintain,2393
18,103,152,female,maintain,2679
58,115,165,male,weight_gain,3813
22,99,179,male,weight_gain,4006
47,57,157,female,weight_gain,2479
54,48,162,male,maintain,1902
47,82,151,female,maintain,2120
28,74,184,female,maintain,2462
53,90,153,female,weight_gain,2974
44,73,188,female,maintain,2362
48,56,168,male,weight_gain,2875
58,108,156,female,maintain,2486
22,54,181,male,weight_gain,3219
25,78,151,female,maintain,2228
39,101,164,male,weight_loss,1814
34,81,180,female,maintain,2486
21,111,190,male,weight_loss,2237
45,61,187,male,weight_gain,3205
22,110,185,female,weight_loss,1982
30,76,177,female,weight_gain,3199
32,57,166,male,weight_gain,3014
21,114,168,male,weight_loss,2108
50,107,167,female,maintain,2639
36,62,153,female,maintain,1914
40,111,154,male,weight_gain,3779
52,65,151,male,maintain,2075
50,95,150,female,weight_gain,3057
36,68,159,female,weight_loss,1199
60,65,150,female,maintain,1746
49,100,188,female,weight_loss,1722
33,120,163,female,weight_gain,3806
44,92,166,male,maintain,2700
35,116,158,male,weight_loss,1973
35,90,166,male,weight_loss,1721
26,60,187,male,maintain,2547
35,88,183,female,maintain,2616
29,109,172,male,maintain,3138
31,114,165,male,weight_loss,2025
43,119,169,male,weight_gain,4065
38,60,157,male,weight_loss,1275
18,104,186,female,weight_gain,3912
42,92,175,female,weight_loss,1571
58,88,168,male,weight_gain,3361
33,76,178,male,weight_gain,3482
23,114,165,female,weight_loss,1874
27,117,184,male,weight_loss,2228
39,78,171,male,weight_loss,1590
34,74,160,female,weight_loss,1290
49,99,184,male,maintain,2945
56,105,183,male,maintain,2974
46,65,169,male,weight_gain,3066
59,73,152,female,maintain,1897
29,90,172,male,weight_gain,3703
31,99,174,male,maintain,2987
18,120,169,female,maintain,3108
59,71,174,male,weight_loss,1409
38,50,188,male,maintain,2309
50,85,170,female,weight_gain,3102
22,105,183,male,weight_gain,4159
38,77,151,female,weight_loss,1235
29,95,180,female,weight_loss,1722
49,100,164,male,weight_gain,3613
47,80,153,female,weight_loss,1232
49,48,187,female,maintain,1926
55,63,161,female,weight_gain,2560
20,56,168,female,maintain,2090
37,56,152,female,maintain,1804
45,69,163,male,weight_loss,1386
42,80,172,male,weight_loss,1604
36,114,186,female,weight_gain,3930
33,112,177,female,weight_loss,1880
24,80,178,male,weight_loss,1757
29,104,174,male,weight_loss,1985
54,93,186,male,weight_loss,1793
36,62,169,female,weight_gain,2803
40,116,183,male,maintain,3268
59,77,178,male,maintain,2468
20,96,186,female,weight_gain,3750
36,117,182,female,weight_loss,1959
21,80,154,male,maintain,2576
45,80,150,male,maintain,2352
31,115,180,male,maintain,3293
48,91,181,female,weight_loss,1568
19,83,169,male,weight_loss,1755
54,71,187,male,weight_gain,3304
18,48,178,female,weight_loss,1209
45,100,178,female,weight_gain,3507
46,113,155,male,maintain,2904
48,71,153,female,maintain,1961
45,118,167,male,weight_gain,4006
46,50,170,female,maintain,1815
41,94,159,male,maintain,2687
35,103,160,male,weight_loss,1832
52,99,179,female,weight_gain,3437
32,78,163,female,maintain,2290
32,62,190,male,weight_gain,3374
58,90,188,female,weight_loss,1548
25,85,176,male,weight_loss,1796
27,75,154,male,weight_loss,1499
23,76,178,male,maintain,2731
24,111,163,male,maintain,3121
19,82,190,male,weight_gain,3851
35,111,158,female,weight_loss,1713
23,66,169,male,maintain,2489
32,111,178,male,weight_loss,2081
39,78,162,female,weight_gain,2985
48,100,159,male,weight_gain,3565
18,103,150,female,weight_loss,1659
39,87,151,female,weight_loss,1349
24,49,185,female,weight_loss,1238
30,78,169,male,maintain,2621
24,119,161,female,weight_gain,3847
56,117,179,female,maintain,2864
36,63,184,female,weight_loss,1326
23,51,156,male,weight_loss,1250
41,105,163,male,weight_loss,1842
23,66,150,male,maintain,2305
38,91,190,male,weight_gain,3842
52,68,173,male,weight_loss,1407
25,112,164,female,weight_gain,3746
41,117,164,female,maintain,2834
53,88,163,male,maintain,2540
45,56,163,female,weight_loss,1031
55,49,176,female,weight_loss,984
25,71,157,male,weight_loss,1485
39,101,156,female,weight_gain,3332
42,67,166,male,weight_gain,3104
52,68,158,female,weight_loss,1095
50,119,189,female,weight_loss,1952
35,51,155,male,weight_loss,1170
19,55,171,male,maintain,2369
39,63,165,male,maintain,2280
48,107,169,female,weight_loss,1670
59,116,167,male,maintain,2966
47,107,151,male,weight_loss,1740
50,67,180,male,maintain,2402
22,79,153,female,maintain,2286
46,72,180,female,maintain,2253
53,53,185,female,weight_gain,2668
18,119,154,female,maintain,2947
55,117,174,male,weight_loss,1985
22,94,188,male,maintain,3115
40,65,178,male,weight_gain,3221
20,116,153,male,weight_gain,4038
54,47,168,female,weight_gain,2360
51,101,161,female,maintain,2480
43,79,178,male,weight_gain,3446
55,107,172,male,weight_gain,3775
42,72,180,male,maintain,2542
29,115,188,male,maintain,3386
56,76,176,female,weight_gain,2954
19,90,162,male,maintain,2824
39,111,179,female,maintain,2902
34,92,176,male,weight_loss,1826
36,47,156,female,weight_gain,2387
24,53,170,male,maintain,2290
18,116,187,female,maintain,3220
50,68,182,female,weight_gain,2931
43,89,169,male,weight_loss,1683
46,120,180,female,weight_loss,1920
20,54,166,female,maintain,2040
27,107,168,male,weight_gain,3982
27,66,180,male,weight_gain,3379
43,68,157,male,weight_loss,1341
25,99,167,male,maintain,2966
54,115,185,male,weight_loss,2049
26,55,161,male,maintain,2218
34,81,165,male,maintain,2598
23,104,167,female,weight_loss,1769
39,88,181,male,maintain,2822
56,47,189,female,maintain,1875
47,112,169,female,weight_gain,3604
55,115,172,female,weight_gain,3620
47,57,159,male,weight_gain,2800
60,69,153,male,weight_gain,2832
41,52,190,female,maintain,2079
37,55,185,female,maintain,2108
51,67,164,male,weight_loss,1334
39,86,157,female,weight_loss,1382
33,113,190,female,maintain,3086
49,113,157,male,weight_loss,1845
30,110,164,female,maintain,2811
23,54,188,male,weight_gain,3289
22,96,150,male,weight_loss,1751
36,80,190,female,weight_loss,1575
35,47,184,female,weight_gain,2711
48,53,170,female,weight_gain,2544
33,46,169,male,weight_loss,1227
22,105,156,male,weight_gain,3856
23,71,166,female,weight_loss,1365
24,70,159,female,weight_gain,2942
60,82,158,male,weight_loss,1415
31,112,182,female,weight_loss,1929
31,67,159,female,maintain,2089
55,54,169,male,weight_loss,1191
58,111,177,male,weight_loss,1917
56,109,177,male,maintain,2977
51,75,170,female,weight_loss,1275
46,94,181,male,maintain,2861
47,69,183,female,maintain,2228
57,112,183,male,weight_gain,3970
34,89,185,male,maintain,2915
18,68,159,male,maintain,2462
34,95,150,female,weight_loss,1467
47,118,173,male,maintain,3148
19,117,177,female,weight_gain,4036
39,48,174,male,weight_loss,1253
49,88,152,female,weight_loss,1308
44,48,176,female,maintain,1858
56,111,165,female,weight_loss,1640
34,106,159,male,weight_gain,3799
37,51,152,female,weight_gain,2405
44,112,159,male,weight_loss,1878
53,78,161,female,weight_loss,1232
23,66,186,female,weight_gain,3183
42,78,174,male,maintain,2576
32,107,188,male,weight_gain,4162
47,57,171,male,weight_gain,2935
41,84,163,female,weight_gain,3086
49,77,186,male,maintain,2623
43,98,152,male,weight_gain,3496
35,76,174,male,weight_loss,1613
51,76,185,female,maintain,2325
50,78,185,male,weight_gain,3444
50,65,187,male,weight_gain,3232
25,117,182,female,weight_gain,4038
60,106,177,male,maintain,2900
46,109,164,male,weight_gain,3802
48,76,177,male,weight_gain,3336
47,65,171,male,weight_loss,1386
54,88,163,male,maintain,2532
35,50,176,male,weight_loss,1316
48,58,169,female,weight_gain,2623
41,86,173,male,maintain,2698
36,58,187,male,maintain,2439
60,82,167,male,maintain,2431
60,48,162,male,weight_loss,1037
41,113,165,female,maintain,2782
28,75,176,male,weight_loss,1658
27,64,179,female,weight_gain,3032
43,88,157,male,weight_loss,1581
26,103,159,male,weight_loss,1878
27,75,174,male,weight_gain,3473
21,96,155,female,weight_loss,1595
55,78,154,male,weight_loss,1367
23,91,185,male,weight_gain,3921
58,57,181,male,weight_loss,1299
25,98,178,male,weight_loss,1967
54,46,181,male,maintain,2055
57,57,150,male,weight_loss,1073
21,99,152,female,weight_gain,3413
49,64,154,female,weight_loss,1035
60,87,154,female,maintain,2125
38,45,164,female,weight_loss,948
31,100,162,female,weight_gain,3453
46,61,155,female,weight_loss,1025
34,83,158,male,weight_gain,3374
31,86,177,female,maintain,2557
28,75,173,male,weight_loss,1635
47,83,175,female,weight_gain,3149
49,51,154,female,weight_loss,879
32,82,184,male,maintain,2813
53,86,154,male,weight_gain,3212
42,108,167,female,weight_loss,1703
34,100,165,male,weight_loss,1839
19,117,179,female,weight_gain,4058
27,98,169,female,maintain,2697
56,113,186,male,weight_loss,2021
36,102,156,female,maintain,2563
32,82,161,female,weight_gain,3109
55,113,184,female,weight_loss,1812
45,67,150,female,weight_loss,1065
40,47,182,female,weight_gain,2643
54,48,181,male,maintain,2086
35,72,159,female,weight_loss,1253
58,46,167,male,maintain,1889
47,107,152,female,weight_gain,3323
54,63,166,male,weight_loss,1283
28,91,151,male,weight_loss,1662
39,112,189,male,weight_loss,2133
53,60,172,female,weight_gain,2648
37,96,153,male,maintain,2691
53,103,165,female,maintain,2534
31,59,162,female,maintain,1994
57,84,180,female,weight_gain,3134
60,62,170,male,maintain,2150
48,62,167,female,maintain,1957
59,83,168,female,weight_loss,1308
59,107,172,female,maintain,2617
54,117,158,male,weight_loss,1871
27,90,170,male,weight_gain,3698
51,114,156,male,weight_loss,1838
30,102,160,male,weight_gain,3775
39,68,182,male,weight_loss,1553
50,106,168,male,weight_loss,1838
28,75,162,male,maintain,2522
24,92,185,male,weight_loss,1953
35,77,157,male,maintain,2450
42,114,173,female,maintain,2867
37,71,187,female,maintain,2375
57,75,171,male,maintain,2385
31,63,172,female,maintain,2152
26,100,158,female,maintain,2629
35,71,173,female,maintain,2255
24,98,180,male,weight_loss,1988
34,68,157,male,weight_loss,1395
26,81,158,male,maintain,2592
31,50,179,male,weight_gain,3043
48,65,175,male,weight_gain,3115
53,67,175,male,maintain,2330
45,106,160,female,maintain,2594
55,71,184,male,weight_gain,3262
56,101,171,female,maintain,2538
52,83,154,female,weight_loss,1245
38,48,161,male,maintain,2016
56,81,159,female,weight_gain,2852
41,78,186,female,weight_loss,1491
57,83,168,male,weight_loss,1520
58,59,164,female,weight_gain,2495
43,84,180,female,maintain,2462
39,112,190,female,weight_loss,1941
53,77,160,male,maintain,2340
41,96,169,female,weight_gain,3370
28,70,158,male,weight_gain,3194
59,120,159,male,weight_gain,3826
26,54,162,female,weight_loss,1113
58,70,151,male,weight_loss,1230
32,81,185,male,weight_loss,1773
36,84,164,female,maintain,2362
35,104,153,female,maintain,2573
52,48,188,female,weight_loss,1080
50,78,176,female,weight_loss,1362
23,86,181,male,weight_gain,3786
47,107,167,male,maintain,2919
45,100,179,male,weight_gain,3817
29,83,165,female,weight_loss,1466
50,89,161,female,maintain,2302
26,110,150,male,weight_gain,3842
22,61,166,male,weight_gain,3176
30,48,187,female,weight_loss,1205
57,65,166,female,maintain,1924
53,113,152,female,maintain,2563
46,112,157,female,weight_gain,3478
36,109,162,male,maintain,2987
39,108,183,female,weight_loss,1841
41,73,178,female,weight_gain,3057
33,84,160,male,weight_loss,1616
20,68,175,female,maintain,2344
44,103,177,male,weight_loss,1905
54,104,173,male,weight_gain,3741
29,103,169,male,weight_gain,3903
43,66,176,male,weight_loss,1460
18,88,160,female,weight_loss,1554
29,103,154,female,weight_loss,1623
46,60,169,male,maintain,2218
23,114,183,male,maintain,3369
43,81,156,female,weight_loss,1290
24,54,190,male,weight_loss,1535
46,118,189,female,maintain,3053
28,100,150,female,weight_gain,3345
44,68,164,female,weight_gain,2783
55,75,166,female,weight_loss,1221
36,87,162,female,weight_loss,1449
32,66,181,male,maintain,2536
28,96,186,female,maintain,2823
37,99,184,male,weight_loss,1952
22,77,168,male,maintain,2658
24,66,174,male,weight_loss,1559
54,116,176,male,weight_gain,3991
59,83,167,female,maintain,2197
52,52,167,female,maintain,1771
36,49,178,female,weight_gain,2670
21,77,163,female,weight_loss,1427
28,110,168,male,maintain,3123
28,87,173,male,weight_gain,3669
28,107,187,male,weight_loss,2124
56,62,153,male,weight_gain,2742
29,64,188,female,maintain,2338
31,77,182,male,weight_loss,1709
38,60,165,male,weight_loss,1335
28,51,164,female,maintain,1912
32,68,150,male,maintain,2266
21,74,153,male,weight_gain,3273
46,65,169,male,weight_loss,1377
30,72,167,female,maintain,2251
33,95,167,male,maintain,2842
38,56,158,female,maintain,1854
39,91,161,male,weight_gain,3507
39,79,187,female,maintain,2484
44,50,171,male,maintain,2098
26,107,160,male,weight_loss,1934
43,74,170,male,weight_gain,3266
48,114,183,female,weight_gain,3788
36,49,186,male,weight_loss,1373
54,102,160,female,maintain,2462
45,109,175,male,weight_gain,3934
20,45,172,male,maintain,2216
51,71,180,male,weight_gain,3253
36,105,179,male,weight_loss,1992
29,55,158,female,maintain,1908
41,95,177,male,weight_loss,1827
27,55,155,female,weight_gain,2600
40,48,171,female,maintain,1841
48,114,161,female,maintain,2705
45,80,164,female,maintain,2230
43,75,173,male,maintain,2512
36,96,163,female,maintain,2538
44,74,164,female,maintain,2145
56,64,167,female,maintain,1926
43,120,171,male,weight_loss,2070
41,95,163,male,weight_gain,3583
42,98,164,male,weight_gain,3640
40,63,187,female,weight_gain,2987
46,100,190,female,weight_gain,3633
32,47,169,female,weight_loss,1046
